{
    "globalBg": "#1e1e1e",
    "consoleBg": "#2d2d2d",
    "buttonBg": "#3a3a3a",
    "entryBg": "#252525",
    "titleFg": "#ffffff",
    "buttonFg": "#cccccc",
    "redColor": "#ff4c4c",
    "lightRedColor": "#ff6666",
    "darkRedColor": "#cc0000",
    "pinkColor": "#ff99cc",
    "orangeColor": "#ffa500",
    "lightOrangeColor": "#ffbb66",
    "darkOrangeColor": "#cc6600",
    "yellowColor": "#ffff00",
    "lightYellowColor": "#ffff99",
    "darkYellowColor": "#cccc00",
    "greenColor": "#00ff00",
    "lightGreenColor": "#66ff66",
    "darkGreenColor": "#009900",
    "limeColor": "#ccff00",
    "blueColor": "#0066ff",
    "lightBlueColor": "#66aaff",
    "darkBlueColor": "#0033aa",
    "cyanColor": "#00ffff",
    "whiteColor": "#ffffff",
    "greyColor": "#888888",
    "blackColor": "#000000",
    "purpleColor": "#800080",
    "lightGreyColor": "#cccccc"
}
