{
    "globalBg": "#333333",
    "consoleBg": "#1D1C1A",
    "buttonBg": "#212121",
    "entryBg": "#444444",
    "titleFg": "#FAF8F6",
    "buttonFg": "#FAF8F6",

    "redColor": "#FFADAD",
    "lightRedColor": "#FFADAD",
    "darkRedColor": "#FFADAD",
    "pinkColor": "#FE80c3",
    "orangeColor": "#FFD6A5",
    "lightOrangeColor": "#FFD6A5",
    "darkOrangeColor": "#FFD6A5",
    "yellowColor": "#FDFFB6",
    "lightYellowColor": "#FDFFB6",
    "darkYellowColor": "#FDFFB6",
    "greenColor": "#87F78E",
    "lightGreenColor": "#CAFFBF",
    "darkGreenColor": "#87F78E",
    "limeColor": "#87F78E",
    "blueColor": "#9BF6FF",
    "lightBlueColor": "#9BF6FF",
    "darkBlueColor": "#A0C4FF",
    "cyanColor": "#87F8EB",
    "whiteColor": "#FAF8F6",
    "greyColor": "#B5B5AC",
    "blackColor": "#1D1C1A",
    "purpleColor": "#F585F9",
    "lightGreyColor": "#B5B5AC"
}
