{
    "globalBg": "#333333",
    "consoleBg": "#242424",
    "buttonBg": "#212121",
    "entryBg": "#444444",
    "titleFg": "#FFFFFF",
    "buttonFg": "#FFFFFF",

    "redColor": "#FF0000",
    "lightRedColor": "#FF6347",
    "darkRedColor": "#8B0000",
    "pinkColor": "#FF69B4",
    "orangeColor": "#FFA500",
    "lightOrangeColor": "#F4A460",
    "darkOrangeColor": "#FF8C00",
    "yellowColor": "#FFFF00",
    "lightYellowColor": "#F0F469",
    "darkYellowColor": "#DAA520",
    "greenColor": "#32CD32",
    "lightGreenColor": "#00FF00",
    "darkGreenColor": "#008000",
    "limeColor": "#00FF00",
    "blueColor": "#1E90FF",
    "lightBlueColor": "#00BFFF",
    "darkBlueColor": "#000080",
    "cyanColor": "#00FFFF",
    "whiteColor": "#FFFFFF",
    "greyColor": "#898989",
    "blackColor": "#000000",
    "purpleColor": "#C369F4",
    "lightGreyColor": "#CCCCCC"
}
