{
  "cuboids": [
    {
      "from": [0, 0, 0],
      "to": [0.5, 0.5, 0.5],
      "faces": {
        "north": {"uv": [[0.0, 0.0], [0.5, 0.0], [0.5, 0.5], [0.0, 0.5]]},
        "south": {"uv": [[0.0, 0.0], [0.5, 0.0], [0.5, 0.5], [0.0, 0.5]]},
        "east": {"uv": [[0.0, 0.0], [0.5, 0.0], [0.5, 0.5], [0.0, 0.5]]},
        "west": {"uv": [[0.0, 0.0], [0.5, 0.0], [0.5, 0.5], [0.0, 0.5]]},
        "up": {"uv": [[0.0, 0.0], [0.5, 0.0], [0.5, 0.5], [0.0, 0.5]]},
        "down": {"uv": [[0.0, 0.0], [0.5, 0.0], [0.5, 0.5], [0.0, 0.5]]}
      },
      "collisions": {
        "enabled": true,
        "box": [
          {
            "from": [0, 0, 0],
            "to": [1, 1, 1]
          }
        ]
      }
    },
    {
      "from": [0.5, 0, 0.5],
      "to": [1, 0.5, 1],
      "faces": {
        "north": {"uv": [[0.0, 0.0], [0.5, 0.0], [0.5, 0.5], [0.0, 0.5]]},
        "south": {"uv": [[0.0, 0.0], [0.5, 0.0], [0.5, 0.5], [0.0, 0.5]]},
        "east": {"uv": [[0.0, 0.0], [0.5, 0.0], [0.5, 0.5], [0.0, 0.5]]},
        "west": {"uv": [[0.0, 0.0], [0.5, 0.0], [0.5, 0.5], [0.0, 0.5]]},
        "up": {"uv": [[0.0, 0.0], [0.5, 0.0], [0.5, 0.5], [0.0, 0.5]]},
        "down": {"uv": [[0.0, 0.0], [0.5, 0.0], [0.5, 0.5], [0.0, 0.5]]}
      },
      "collisions": {
        "enabled": false
      }
    },
    {
      "from": [0.5, 0.5, 0],
      "to": [1, 1, 0.5],
      "faces": {
        "north": {"uv": [[0.0, 0.0], [0.5, 0.0], [0.5, 0.5], [0.0, 0.5]]},
        "south": {"uv": [[0.0, 0.0], [0.5, 0.0], [0.5, 0.5], [0.0, 0.5]]},
        "east": {"uv": [[0.0, 0.0], [0.5, 0.0], [0.5, 0.5], [0.0, 0.5]]},
        "west": {"uv": [[0.0, 0.0], [0.5, 0.0], [0.5, 0.5], [0.0, 0.5]]},
        "up": {"uv": [[0.0, 0.0], [0.5, 0.0], [0.5, 0.5], [0.0, 0.5]]},
        "down": {"uv": [[0.0, 0.0], [0.5, 0.0], [0.5, 0.5], [0.0, 0.5]]}
      
      },
      "collisions": {
        "enabled": false
      }
    },
    {
      "from": [0, 0.5, 0.5],
      "to": [0.5, 1, 1],
      "faces": {
        "north": {"uv": [[0.0, 0.0], [0.5, 0.0], [0.5, 0.5], [0.0, 0.5]]},
        "south": {"uv": [[0.0, 0.0], [0.5, 0.0], [0.5, 0.5], [0.0, 0.5]]},
        "east": {"uv": [[0.0, 0.0], [0.5, 0.0], [0.5, 0.5], [0.0, 0.5]]},
        "west": {"uv": [[0.0, 0.0], [0.5, 0.0], [0.5, 0.5], [0.0, 0.5]]},
        "up": {"uv": [[0.0, 0.0], [0.5, 0.0], [0.5, 0.5], [0.0, 0.5]]},
        "down": {"uv": [[0.0, 0.0], [0.5, 0.0], [0.5, 0.5], [0.0, 0.5]]}
      
      },
      "collisions": {
        "enabled": false
      }
    }
  ]
}