{
    "grass_block": {
        "id": 1,
        "texture positions (comment)": ["front","back","left","right","top","bottom"],
        "textures": [[0,15],[0,15],[0,15],[0,15],[2,15],[1,15]],
        "transparent": false,
        "liquid": false,
        "name": "Grass Block",
        "model": "cube",
        "renderFacesInBetween": false,
        "tabName": "Blocks"
    },

    "dirt": {
        "id": 2,
        "textures": [[1,15],[1,15],[1,15],[1,15],[1,15],[1,15]],
        "transparent": false,
        "liquid": false,
        "name": "Dirt",
        "model": "cube",
        "renderFacesInBetween": false,
        "tabName": "Blocks"
    },

    "stone": {
        "id": 3,
        "textures": [[3,15],[3,15],[3,15],[3,15],[3,15],[3,15]],
        "transparent": false,
        "liquid": false,
        "name": "Stone",
        "model": "cube",
        "renderFacesInBetween": false,
        "tabName": "Blocks"
    },

    "sand": {
        "id": 4,
        "textures": [[4,15],[4,15],[4,15],[4,15],[4,15],[4,15]],
        "transparent": false,
        "liquid": false,
        "name": "Sand",
        "model": "cube",
        "renderFacesInBetween": false,
        "tabName": "Blocks"
    },

    "oak _log": {
        "id": 5,
        "textures": [[2,14],[2,14],[2,14],[2,14],[3,14],[3,14]],
        "transparent": false,
        "liquid": false,
        "name": "Oak Log",
        "model": "cube",
        "renderFacesInBetween": false,
        "tabName": "Blocks"
    },

    "bedrock": {
        "id": 6,
        "textures": [[1,14],[1,14],[1,14],[1,14],[1,14],[1,14]],
        "transparent": false,
        "liquid": false,
        "name": "Bedrock",
        "model": "cube",
        "renderFacesInBetween": false,
        "tabName": "Blocks"
    },

    "gravel": {
        "id": 7,
        "textures": [[5,15],[5,15],[5,15],[5,15],[5,15],[5,15]],
        "transparent": false,
        "liquid": false,
        "name": "Gravel",
        "model": "cube",
        "renderFacesInBetween": false,
        "tabName": "Blocks"
    },

    "bricks": {
        "id": 8,
        "textures": [[4,14],[4,14],[4,14],[4,14],[4,14],[4,14]],
        "transparent": false,
        "liquid": false,
        "name": "Bricks",
        "model": "cube",
        "renderFacesInBetween": false,
        "tabName": "Blocks"
    },

    "water": {
        "id": 9,
        "textures": [[0,13],[0,13],[0,13],[0,13],[0,13],[0,13]],
        "transparent": true,
        "liquid": true,
        "name": "Water",
        "model": "liquid",
        "renderFacesInBetween": false,
        "tabName": "Liquids"
    },

    "lava": {
        "id": 10,
        "textures": [[1,13],[1,13],[1,13],[1,13],[1,13],[1,13]],
        "transparent": true,
        "liquid": true,
        "name": "Lava",
        "model": "liquid",
        "renderFacesInBetween": false,
        "tabName": "Liquids"
    },

    "leaves:slow": {
        "id": 11,
        "textures": [[5,14],[5,14],[5,14],[5,14],[5,14],[5,14]],
        "transparent": true,
        "liquid": false,
        "name": "Leaves",
        "model": "cube",
        "renderFacesInBetween": true,
        "tabName": "Blocks"
    },

    "leaves:fast": {
        "id": 11,
        "textures": [[6,15],[6,15],[6,15],[6,15],[6,15],[6,15]],
        "transparent": false,
        "liquid": false,
        "name": "Leaves",
        "model": "cube",
        "renderFacesInBetween": false,
        "tabName": "Blocks"
    },

    "cactus": {
        "id": 12,
        "textures": [[7,15],[7,15],[7,15],[7,15],[7,14],[8,15]],
        "transparent": false,
        "liquid": false,
        "name": "Cactus",
        "model": "cactus",
        "renderFacesInBetween": false,
        "tabName": "Blocks"
    },

    "stone_slab": {
        "id": 13,
        "textures": [[3,15],[3,15],[3,15],[3,15],[3,15],[3,15]],
        "transparent": false,
        "liquid": false,
        "name": "Stone Slab",
        "model": "slab",
        "renderFacesInBetween": false,
        "tabName": "Slabs"
    },

    "oak_plank": {
        "id": 14,
        "textures": [[6,14],[6,14],[6,14],[6,14],[6,14],[6,14]],
        "transparent": false,
        "liquid": false,
        "name": "Oak Plank",
        "model": "cube",
        "renderFacesInBetween": false,
        "tabName": "Blocks"
    },

    "oak_plank_slab": {
        "id": 15,
        "textures": [[6,14],[6,14],[6,14],[6,14],[6,14],[6,14]],
        "transparent": false,
        "liquid": false,
        "name": "Oak Plank Slab",
        "model": "slab",
        "renderFacesInBetween": false,
        "tabName": "Slabs"
    },

    "glass": {
        "id": 16,
        "textures": [[8,14],[8,14],[8,14],[8,14],[8,14],[8,14]],
        "transparent": true,
        "liquid": false,
        "name": "Glass",
        "model": "cube",
        "renderFacesInBetween": false,
        "tabName": "Blocks"
    },

    "medium _grass": {
        "id": 17,
        "textures": [[2,13]],
        "transparent": true,
        "liquid": false,
        "name": "Medium Grass",
        "model": "cross",
        "renderFacesInBetween": false,
        "tabName": "Plants"
    },

    "short_grass": {
        "id": 18,
        "textures": [[3,13]],
        "transparent": true,
        "liquid": false,
        "name": "Short Grass",
        "model": "cross",
        "renderFacesInBetween": false,
        "tabName": "Plants"
    },

    "dead_bush": {
        "id": 19,
        "textures": [[4,13]],
        "transparent": true,
        "liquid": false,
        "name": "Dead Bush",
        "model": "cross",
        "renderFacesInBetween": false,
        "tabName": "Plants"
    },

    "poppy": {
        "id": 20,
        "textures": [[5,13]],
        "transparent": true,
        "liquid": false,
        "name": "Poppy",
        "model": "cross",
        "renderFacesInBetween": false,
        "tabName": "Plants"
    },

    "dandelion": {
        "id": 21,
        "textures": [[6,13]],
        "transparent": true,
        "liquid": false,
        "name": "Dandelion",
        "model": "cross",
        "renderFacesInBetween": false,
        "tabName": "Plants"
    },

    "fir_leaves:slow": {
        "id": 22,
        "textures": [[7,13],[7,13],[7,13],[7,13],[7,13],[7,13]],
        "transparent": true,
        "liquid": false,
        "name": "Fir Leaves",
        "model": "cube",
        "renderFacesInBetween": true,
        "tabName": "Blocks"
    },
        
    "fir_leaves:fast": {
        "id": 22,
        "textures": [[8,13],[8,13],[8,13],[8,13],[8,13],[8,13]],
        "transparent": false,
        "liquid": false,
        "name": "Fir Leaves",
        "model": "cube",
        "renderFacesInBetween": false,
        "tabName": "Blocks"
    },

    "dark_grass_block": {
        "id": 23,
        "textures": [[1,12],[1,12],[1,12],[1,12],[2,12],[1,15]],
        "transparent": false,
        "liquid": false,
        "name": "Dark Grass Block",
        "model": "cube",
        "renderFacesInBetween": false,
        "tabName": "Blocks"
    },

    "dark_medium_grass": {
        "id": 24,
        "textures": [[3,12]],
        "transparent": true,
        "liquid": false,
        "name": "Dark Medium Grass",
        "model": "cross",
        "renderFacesInBetween": false,
        "tabName": "Plants"
    },

    "pebble": {
        "id": 25,
        "textures": [[3,15],[3,15],[3,15],[3,15],[3,15],[3,15]],
        "transparent": false,
        "liquid": false,
        "name": "Pebble",
        "model": "pebble",
        "renderFacesInBetween": false,
        "tabName": "Blocks"
    },

    "dark_short_grass": {
        "id": 26,
        "textures": [[4,12]],
        "transparent": true,
        "liquid": false,
        "name": "Dark Short Grass",
        "model": "cross",
        "renderFacesInBetween": false,
        "tabName": "Plants"
    },

    "fir_log": {
        "id": 27,
        "textures": [[5,12],[5,12],[5,12],[5,12],[6,12],[6,12]],
        "transparent": false,
        "liquid": false,
        "name": "Fir Log",
        "model": "cube",
        "renderFacesInBetween": false,
        "tabName": "Blocks"
    },

    "blue_sage": {
        "id": 28,
        "textures": [[7,12]],
        "transparent": true,
        "liquid": false,
        "name": "Blue Sage",
        "model": "cross",
        "renderFacesInBetween": false,
        "tabName": "Plants"
    },

    "pink_anemone": {
        "id": 29,
        "textures": [[8,12]],
        "transparent": true,
        "liquid": false,
        "name": "Pink Anemone",
        "model": "cross",
        "renderFacesInBetween": false,
        "tabName": "Plants"
    },

    "bistort": {
        "id": 30,
        "textures": [[7,11]],
        "transparent": true,
        "liquid": false,
        "name": "Bistort",
        "model": "cross",
        "renderFacesInBetween": false,
        "tabName": "Plants"
    },

    "fir_plank": {
        "id": 31,
        "textures": [[6,11],[6,11],[6,11],[6,11],[6,11],[6,11]],
        "transparent": false,
        "liquid": false,
        "name": "Fir Plank",
        "model": "cube",
        "renderFacesInBetween": false,
        "tabName": "Blocks"
    },

    "fir_plank_slab": {
        "id": 32,
        "textures": [[6,11],[6,11],[6,11],[6,11],[6,11],[6,11]],
        "transparent": false,
        "liquid": false,
        "name": "Fir Plank Slab",
        "model": "slab",
        "renderFacesInBetween": false,
        "tabName": "Slabs"
    },

    "crocus": {
        "id": 33,
        "textures": [[8,11]],
        "transparent": true,
        "liquid": false,
        "name": "Crocus",
        "model": "cross",
        "renderFacesInBetween": false,
        "tabName": "Plants"
    },

    "lavender": {
        "id": 34,
        "textures": [[9,12]],
        "transparent": true,
        "liquid": false,
        "name": "Lavender",
        "model": "cross",
        "renderFacesInBetween": false,
        "tabName": "Plants"
    },

    "red_maple_leaves:slow": {
        "id": 35,
        "textures": [[3,11],[3,11],[3,11],[3,11],[3,11],[3,11]],
        "transparent": true,
        "liquid": false,
        "name": "Red Maple Leaves",
        "model": "cube",
        "renderFacesInBetween": true,
        "tabName": "Blocks"
    },

    "red_maple_leaves:fast": {
        "id": 35,
        "textures": [[3,10],[3,10],[3,10],[3,10],[3,10],[3,10]],
        "transparent": false,
        "liquid": false,
        "name": "Red Maple Leaves",
        "model": "cube",
        "renderFacesInBetween": false,
        "tabName": "Blocks"
    },

    "orange _maple_leaves:slow": {
        "id": 36,
        "textures": [[4,11],[4,11],[4,11],[4,11],[4,11],[4,11]],
        "transparent": true,
        "liquid": false,
        "name": "Orange Maple Leaves",
        "model": "cube",
        "renderFacesInBetween": true,
        "tabName": "Blocks"
    },

    "orange _maple_leaves:fast": {
        "id": 36,
        "textures": [[4,10],[4,10],[4,10],[4,10],[4,10],[4,10]],
        "transparent": false,
        "liquid": false,
        "name": "Orange Maple Leaves",
        "model": "cube",
        "renderFacesInBetween": false,
        "tabName": "Blocks"
    },

    "yellow_maple_leaves:slow": {
        "id": 37,
        "textures": [[5,11],[5,11],[5,11],[5,11],[5,11],[5,11]],
        "transparent": true,
        "liquid": false,
        "name": "Yellow Maple Leaves",
        "model": "cube",
        "renderFacesInBetween": true,
        "tabName": "Blocks"
    },

    "yellow_maple_leaves:fast": {
        "id": 37,
        "textures": [[5,10],[5,10],[5,10],[5,10],[5,10],[5,10]],
        "transparent": true,
        "liquid": false,
        "name": "Yellow Maple Leaves",
        "model": "cube",
        "renderFacesInBetween": true,
        "tabName": "Blocks"
    },

    "maple_log": {
        "id": 38,
        "textures": [[0,11],[0,11],[0,11],[0,11],[1,11],[1,11]],
        "transparent": false,
        "liquid": false,
        "name": "Maple Log",
        "model": "cube",
        "renderFacesInBetween": false,
        "tabName": "Blocks"
    },

    "maple_plank": {
        "id": 39,
        "textures": [[2,11],[2,11],[2,11],[2,11],[2,11],[2,11]],
        "transparent": false,
        "liquid": false,
        "name": "Maple Plank",
        "model": "cube",
        "renderFacesInBetween": false,
        "tabName": "Blocks"
    },

    "maple_plank_slab": {
        "id": 40,
        "textures": [[2,11],[2,11],[2,11],[2,11],[2,11],[2,11]],
        "transparent": false,
        "liquid": false,
        "name": "Maple Plank Slab",
        "model": "slab",
        "renderFacesInBetween": false,
        "tabName": "Slabs"
    },

    "leaves_carpet": {
        "id": 41,
        "textures": [[5,14],[5,14],[5,14],[5,14],[5,14],[5,14]],
        "transparent": false,
        "liquid": false,
        "name": "Leaves Carpet",
        "model": "carpet",
        "renderFacesInBetween": false,
        "tabName": "Blocks"
    },

    "stone_bricks": {
        "id": 42,
        "textures": [[0,14],[0,14],[0,14],[0,14],[0,14],[0,14]],
        "transparent": false,
        "liquid": false,
        "name": "Stone Bricks",
        "model": "cube",
        "renderFacesInBetween": false,
        "tabName": "Blocks"
    },

    "stone_brick_slab": {
        "id": 43,
        "textures": [[0,14],[0,14],[0,14],[0,14],[0,14],[0,14]],
        "transparent": false,
        "liquid": false,
        "name": "Stone Brick Slab",
        "model": "slab",
        "renderFacesInBetween": false,
        "tabName": "Slabs"
    },

    "structure_air": {
        "id": 44,
        "textures": [[0,12],[0,12],[0,12],[0,12],[0,12],[0,12]],
        "transparent": false,
        "liquid": false,
        "name": "Structure Air",
        "model": "cube",
        "renderFacesInBetween": false,
        "tabName": "Internal"
    },

    "sand_slab": {
        "id": 45,
        "textures": [[4,15],[4,15],[4,15],[4,15],[4,15],[4,15]],
        "transparent": false,
        "liquid": false,
        "name": "Sand Slab",
        "model": "slab",
        "renderFacesInBetween": false,
        "tabName": "Slabs"
    },

    "grass_block_slab": {
        "id": 46,
        "textures": [[2,15],[2,15],[2,15],[2,15],[2,15],[1,15]],
        "transparent": false,
        "liquid": false,
        "name": "Grass Block Slab",
        "model": "slab",
        "renderFacesInBetween": false,
        "tabName": "Slabs"
    },

    "dark_grass_block_slab": {
        "id": 47,
        "textures": [[2,12],[2,12],[2,12],[2,12],[2,12],[1,15]],
        "transparent": false,
        "liquid": false,
        "name": "Dark Grass Block Slab",
        "model": "slab",
        "renderFacesInBetween": false,
        "tabName": "Slabs"
    },

    "grass_block_all_sides": {
        "id": 48,
        "textures": [[2,15],[2,15],[2,15],[2,15],[2,15],[1,15]],
        "transparent": false,
        "liquid": false,
        "name": "Grass Block (all sides)",
        "model": "cube",
        "renderFacesInBetween": false,
        "tabName": "Blocks"
    },

    "dark_grass_block_all_sides": {
        "id": 49,
        "textures": [[2,12],[2,12],[2,12],[2,12],[2,12],[1,15]],
        "transparent": false,
        "liquid": false,
        "name": "Dark Grass Block (all sides)",
        "model": "cube",
        "renderFacesInBetween": false,
        "tabName": "Blocks"
    },

    "sand_bricks": {
        "id": 50,
        "textures": [[9,15],[9,15],[9,15],[9,15],[9,15],[9,15]],
        "transparent": false,
        "liquid": false,
        "name": "Sand Bricks",
        "model": "cube",
        "renderFacesInBetween": false,
        "tabName": "Blocks"
    },

    "green_maple_leaves:slow": {
        "id": 51,
        "textures": [[1,10],[1,10],[1,10],[1,10],[1,10],[1,10]],
        "transparent": true,
        "liquid": false,
        "name": "Green Maple Leaves",
        "model": "cube",
        "renderFacesInBetween": true,
        "tabName": "Blocks"
    },

    "green_maple_leaves:fast": {
        "id": 51,
        "textures": [[2,10],[2,10],[2,10],[2,10],[2,10],[2,10]],
        "transparent": false,
        "liquid": false,
        "name": "Green Maple Leaves",
        "model": "cube",
        "renderFacesInBetween": false,
        "tabName": "Blocks"
    },

    "green_maple_leaves_carpet": {
        "id": 52,
        "textures": [[1,10],[1,10],[1,10],[1,10],[1,10],[1,10]],
        "transparent": false,
        "liquid": false,
        "name": "Green Maple Leaves Carpet",
        "model": "carpet",
        "renderFacesInBetween": false,
        "tabName": "Blocks"
    },

    "wheat": {
        "id": 54,
        "textures": [[9,14]],
        "transparent": true,
        "liquid": false,
        "name": "Wheat",
        "model": "crop",
        "renderFacesInBetween": false,
        "tabName": "Plants"
    },

    "red_rose": {
        "id": 55,
        "textures": [[9,11]],
        "transparent": true,
        "liquid": false,
        "name": "Red Rose",
        "model": "cross",
        "renderFacesInBetween": false,
        "tabName": "Plants"
    },

    "lily_pad": {
        "id": 56,
        "textures": [[9,13]],
        "transparent": true,
        "liquid": false,
        "name": "Lily Pad",
        "model": "lily",
        "renderFacesInBetween": false,
        "tabName": "Plants"
    },

    "flowering_cactus": {
        "id": 57,
        "textures": [[6,10],[6,10],[6,10],[6,10],[7,14],[8,15]],
        "transparent": true,
        "liquid": false,
        "name": "Flowering Cactus",
        "model": "cactus",
        "renderFacesInBetween": false,
        "tabName": "Blocks"
    },

    "cactus_flower": {
        "id": 58,
        "textures": [[7,10]],
        "transparent": true,
        "liquid": false,
        "name": "Cactus Flower",
        "model": "cross",
        "renderFacesInBetween": false,
        "tabName": "Plants"
    },

    "dead_grass": {
        "id": 59,
        "textures": [[0,10]],
        "transparent": true,
        "liquid": false,
        "name": "Dead Grass",
        "model": "cross",
        "renderFacesInBetween": false,
        "tabName": "Plants"
    },

    "brown_mushroom": {
        "id": 60,
        "textures": [[8,10]],
        "transparent": false,
        "liquid": false,
        "name": "Brown Mushroom",
        "model": "cross",
        "renderFacesInBetween": false,
        "tabName": "Plants"
    },

    "red_mushroom": {
        "id": 61,
        "textures": [[9,10]],
        "transparent": false,
        "liquid": false,
        "name": "Red Mushroom",
        "model": "cross",
        "renderFacesInBetween": false,
        "tabName": "Plants"
    }
}