{
  "cuboids": [
    {
      "from": [0.1, 0, 0.1],
      "to": [0.9, 1, 0.9],
      "faces": {
        "north": {"uv": [[0.0, 0.0], [1.0, 0.0], [1.0, 1.0], [0.0, 1.0]]},
        "south": {"uv": [[0.0, 0.0], [1.0, 0.0], [1.0, 1.0], [0.0, 1.0]]},
        "east": {"uv": [[0.0, 0.0], [1.0, 0.0], [1.0, 1.0], [0.0, 1.0]]},
        "west": {"uv": [[0.0, 0.0], [1.0, 0.0], [1.0, 1.0], [0.0, 1.0]]},
        "up": {"uv": [[0.0, 0.0], [1.0, 0.0], [1.0, 1.0], [0.0, 1.0]]},
        "down": {"uv": [[0.0, 0.0], [1.0, 0.0], [1.0, 1.0], [0.0, 1.0]]}
      },
      "collisions": {
        "enabled": true
      }
    }
  ]
}