{
  "planes": [
    {
      "from": [0, 0, 0],
      "to": [1, 1, 1],
      "rotation": {
        "origin": [0.5, 0.5, 0.5],
        "axis": "x",
        "angle": 270
      },
      "position": {
        "direction": "y",
        "offset": -0.47
      },
      "faces": {
        "north": { "uv": [[0.0, 0.0], [1.0, 0.0], [1.0, 1.0], [0.0, 1.0]] }
      },
      "collisions": {
        "enabled": true,
        "box": [
          {
            "from": [0.1, 0, 0.1],
            "to": [0.9, 0.03, 0.9]
          }
        ]
      }
    }
  ]
}