{
  "cuboids": [
    {
      "from": [0.385, 0.0, 0.385],
      "to": [0.615, 0.125, 0.615],
      "faces": {
        "north": {"uv": [[0.385, 0.0], [0.615, 0.0], [0.615, 0.125], [0.385, 0.125]]},
        "south": {"uv": [[0.385, 0.0], [0.615, 0.0], [0.615, 0.125], [0.385, 0.125]]},
        "east": {"uv": [[0.385, 0.0], [0.615, 0.0], [0.615, 0.125], [0.385, 0.125]]},
        "west": {"uv": [[0.385, 0.0], [0.615, 0.0], [0.615, 0.125], [0.385, 0.125]]},
        "up": {"uv": [[0.385, 0.0], [0.615, 0.0], [0.615, 0.125], [0.385, 0.125]]},
        "down": {"uv": [[0.385, 0.0], [0.615, 0.0], [0.615, 0.125], [0.385, 0.125]]}
      },
      "collisions": {
        "enabled": false
      }
    }
  ]
}